PatientID,claim,total_claim
1340,63770.43,17758679.160000023
1339,62592.87,17758679.160000023
1338,60021.4,17758679.160000023
