region,avg_claim
southeast,13058.522663656879
northwest,11612.721424501426
southwest,12686.727206349207
northeast,16889.044718614718
